topicID,tagID,weight
ART0,1,3
BOL0,2,3
CHE0,3,3
COS0,4,3
CUS0,5,3
CUS0,6,2
CUS0,7,1
ETH0,8,3
GOG0,9,3
HSR0,10,3
LAW0,11,3
LIN0,12,3
LIN0,13,2
LIN0,14,1
LIT0,12,2
LIT0,10,1
LIT0,8,1
LOG0,8,3
MAT0,15,3
MST0,16,3
MST0,17,2
MST0,18,1
PHI0,8,3
PYS0,19,3
PYL0,20,3
PYL0,2,2
PYL0,8,1
ABI1,3,3
ABI1,19,2
ABI2,19,3
ABI2,3,2
ABI2,2,1
ACA1,21,3
ACA1,22,2
ACO1,19,3
ACO1,23,2
ACT1,2,3
AED1,19,3
AED1,24,2
AED1,25,2
AED1,15,1
AES1,19,3
AES1,26,2
AES2,8,3
AES2,27,2
AGN1,8,3
AGN1,28,2
AGO1,3,3
ALG1,15,3
API1,2,3
AHS1,29,3
AHS1,10,2
AHS1,27,1
ASN0,19,2
ASN0,15,2
ASN0,30,3
ATS1,31,3
ATS1,19,2
ATS1,3,2
ATS1,32,1
ATS1,33,1
AUT1,8,3
AUT2,15,3
AUT2,4,2
BAR1,19,3
BOC1,3,3
BOC1,2,2
BOP1,19,3
BOP1,2,2
BOT1,2,3
CHA1,15,3
CHA1,19,2
CHA1,34,1
CHT1,15,3
CHT1,19,2
CHO1,9,3
CHO1,35,2
CHO1,33,2
CHO1,36,2
CLM1,19,3
CLM1,15,2
CLI1,37,3
CLI1,38,2
CLI1,39,1
CRY1,15,2
CRY1,4,2
CRY1,40,1
EAS0,31,3
EAS0,35,2
EAS0,32,2
EAS0,41,2
EAS0,30,1
EAS0,42,1
EMB1,2,3
ENG1,43,3
ENG1,19,2
ENG1,15,2
ENG1,44,1
ENG1,45,1
ENI1,46,3
ENI1,47,2
ENI1,48,1
FST1,45,3
FST1,19,2
FOS1,49,3
FOS1,3,2
FOS1,2,2
FOS1,19,2
FOS2,50,3
FOS2,51,2
FOS2,3,2
FOS2,2,2
GEN1,2,3
GEN1,52,2
GEN1,53,2
GEN1,40,1
GOM1,9,3
GOM1,54,2
GOM1,55,2
GOM1,56,1
GOM1,57,1
GOM2,15,3
GOM2,58,2
GOM2,59,2
GOM2,60,2
GOM2,19,1
GOM2,43,1
GLO1,38,3
GOO1,15,3
GOO1,61,2
GOO1,62,2
HSR2,10,3
HSR2,8,2
HSR2,37,1
HSR3,10,3
IDE1,8,3
IDE1,20,2
IDE1,5,1
IDI1,38,3
INS0,63,3
INS0,64,2
INS0,4,2
INS0,65,1
ISE1,4,3
ISE1,48,2
ISE1,66,2
ISE1,67,1
JAP1,68,3
KNM1,19,3
KNM1,15,2
KNT1,19,3
KNT1,45,2
LUD1,69,3
MAS1,44,3
MAS1,43,2
MAS1,19,2
MAS1,3,2
MAS1,45,1
MAS1,70,1
MEC1,19,3
MEC1,15,2
MED1,71,3
MER1,8,3
MER1,46,2
MER1,72,2
MPH1,8,3
MPS1,20,3
MBI1,2,3
MBI1,73,2
MBI1,74,1
MOR1,38,3
MSI1,17,3
NAV1,9,2
NAV1,43,2
NAV1,19,1
NAV1,75,1
NEU1,8,3
NOO1,8,3
NOO1,20,2
NOO1,13,1
ONO1,38,3
OPT1,19,3
OPT1,15,2
ORC1,3,3
ORC1,2,2
ORC1,19,2
PLG1,10,3
PLG1,38,2
PLG1,76,1
PDO1,8,3
PAR1,38,3
PPY1,19,3
PPY1,77,2
PPY1,15,2
PPY1,3,1
PPY1,78,1
PAR2,79,3
PAR2,16,2
PAR2,80,2
PAR2,81,2
PHE1,8,3
PHI2,38,3
POS1,8,3
POS1,28,2
POS1,46,2
POS1,72,2
POS1,10,1
POS1,82,1
PNO1,38,3
PHR1,38,3
PSE1,20,3
PUN1,38,3
QUM1,19,3
QUM1,15,2
QUM1,83,1
RAD1,3,3
RAD1,19,2
SCH1,16,3
SMO1,15,3
SMO1,19,2
SMO1,40,2
SMO1,4,1
SPR1,4,3
SEM1,38,3
SIG1,38,3
SIN1,84,3
SCL0,85,3
SOS1,86,3
SPC1,19,3
SPC1,3,2
SPC2,19,3
SPC2,3,2
SPC2,15,2
SPC2,87,1
STA1,45,3
STA1,19,2
STA2,15,2
STA2,88,2
STA2,89,1
STE1,3,3
STE1,19,2
STE1,15,2
STE1,2,1
SYN1,90,3
SYN1,20,2
SYN1,91,1
SYN2,38,3
SYN2,92,2
SYN2,93,1
TAX1,2,2
TAX1,38,1
TEC0,43,3
TEL1,8,3
THE1,8,3
THE1,10,2
THE1,6,2
THE1,5,1
TCS1,4,3
TCS1,15,2
TED1,19,3
TED1,43,2
TED1,15,2
TED1,3,1
TIM1,94,3
TPL1,15,3
TPL1,95,2
TPL1,58,2
TPL1,96,2
TPL1,19,1
TPN1,38,3
TYG1,91,3
TYG1,97,2
TYG1,98,1
ZLO1,2,3
ACA2,99,3
ACA2,100,2
ACA2,101,2
AEB1,2,3
AEL1,35,3
AEP1,99,2
AEP1,35,1
AEE1,43,3
AEE1,19,2
AEE1,15,2
AGB1,102,3
AGB1,2,2
AGB1,36,2
AGG1,35,3
AGG1,102,2
AGN2,103,3
AGN2,2,2
AGN2,102,1
AGS1,99,3
ANA1,2,3
AND1,104,3
AND1,105,2
ANG1,104,3
ANG1,2,2
ARA1,2,3
ARA2,10,2
ARA2,6,2
ARA2,35,1
ARE1,10,3
ARI1,91,3
ARI1,43,2
ARI1,27,1
ARS1,10,2
ARS1,64,3
ARI2,106,3
ART2,107,3
ART2,105,2
ART3,2,3
AST1,21,3
AST2,30,3
AST2,19,2
ASB1,2,3
ASB1,30,2
ASB1,35,1
ASD1,19,3
ASD1,15,2
ASG1,35,3
ASG1,30,2
ASP1,30,3
ASP1,19,2
ATM1,32,3
AUD1,2,2
AUD1,20,2
AUD1,104,2
AUX1,6,3
BAC1,108,3
BAT1,2,3
BEG1,109,3
BEG1,110,2
BEG1,20,1
BIB1,64,3
BIB2,64,3
BOG1,3,3
BOG1,35,2
BOG1,2,2
BOM1,40,3
BOM1,4,2
BOM1,2,1
BRO1,111,3
CAC1,109,3
CAC1,2,2
CAC1,53,2
CAL1,19,3
CRC1,2,3
CRI1,99,3
CRP1,99,3
CRT1,9,3
CRT1,112,2
CRT1,113,2
CRT1,54,1
CRT1,57,1
CAT1,114,3
CEM1,30,3
CEM1,19,2
CEB1,2,3
CEB1,52,2
CEB1,108,2
CEB1,109,1
CHA2,20,3
CHI1,38,2
CHI1,20,1
CHR1,19,3
CHR1,20,2
CHR1,15,1
CHR2,115,3
CIE1,43,3
CIE1,116,2
CIE1,117,1
CLI2,118,3
COD1,10,2
COD1,119,2
COD1,27,1
COS2,97,3
COS2,85,2
COS2,7,1
CON1,35,2
CON1,42,1
COP1,2,3
CSC1,3,3
CSC1,30,2
CSC1,35,1
CSL1,19,3
CSL1,30,2
CSL1,15,2
CSL1,8,1
CRI2,5,3
CRI2,20,2
CRI2,11,2
CRI2,50,1
CRY2,2,3
CRY2,19,2
CRY2,52,2
CRY3,15,2
CRY3,4,2
CRY3,120,1
CYN1,2,3
CYT1,2,3
CYT1,52,2
CYT1,108,2
CYT1,107,1
CYT1,105,1
DAS1,40,3
DAS1,4,2
DAS1,15,2
DAS1,121,1
DAS1,89,1
DEN1,104,3
DEN1,2,2
DEN1,107,2
DEN1,105,2
DEN1,122,1
DIA1,38,3
DIO1,19,3
DYN1,19,3
DYN1,45,2
DYS1,109,3
DYS1,2,2
DYS1,5,1
ECO1,2,3
ECO0,85,3
ECO0,15,2
ECO0,40,2
ECO0,123,1
ECO0,124,1
ECO0,125,1
EDA1,36,3
ELE1,43,3
ELE1,19,2
ELE1,15,2
ELE1,126,1
ELE1,127,1
ELC1,3,3
ELC1,19,2
END1,104,3
END1,2,2
END1,105,2
ENE1,19,3
ENE1,3,2
ENE1,2,1
ENS1,43,3
ENT1,2,3
ENZ1,52,3
ENZ1,128,2
ENZ1,129,2
ENZ1,130,1
ENZ1,131,1
EPI1,132,3
EPI1,40,2
EPI1,2,1
ETH2,2,3
ETH2,20,2
ETY1,38,3
EVB1,2,3
EVB1,133,2
EVB1,109,2
EVB1,21,1
EVB1,134,1
EXO1,2,3
EXO1,30,2
FDY1,19,3
FDY1,15,2
FDY1,43,1
FLM1,19,3
FLM1,24,2
FLM1,15,2
FLM1,25,1
FUT1,135,3
GEM1,35,2
GEM1,136,2
GEM1,137,3
GES1,138,3
GEN2,2,3
GEN2,109,2
GEN2,139,1
GOC1,35,3
GOC1,3,2
GOC2,35,3
GOC2,19,2
GOC2,3,2
GOC2,2,1
GOD1,9,2
GOD1,140,2
GOD1,15,1
GOD1,54,1
GMG1,9,3
GMG1,35,2
GMG1,118,1
GML1,9,3
GML1,35,2
GML1,118,1
GOP1,31,3
GOP1,19,2
GOP1,35,2
GOP1,15,1
GOP1,141,1
GOP2,102,3
GOT1,35,3
GOT1,142,2
GOT1,42,1
GER1,5,2
GER1,20,2
GER1,2,2
GNO1,2,3
GNO1,108,2
GRM1,99,3
GRP1,20,2
GRP1,38,1
GYN1,104,3
GYN1,105,2
HAR1,16,3
HLL1,30,3
HLS1,19,3
HLS1,30,2
HLS1,140,2
HEP1,104,3
HEP1,143,2
HEP1,107,2
HEP1,105,2
HER1,10,2
HER1,91,1
HER2,2,3
HER2,109,2
HER2,53,1
HER3,2,3
HER3,21,2
HIP1,144,3
HOS1,10,3
HOS1,145,2
HOT1,10,3
HOT1,146,1
HOR1,15,3
HOR2,19,2
HOR2,43,1
HLO1,118,3
HLO1,9,2
HLO1,42,1
HYG1,19,3
HYG1,32,2
HYG2,3,3
HYG2,19,2
ICH1,21,3
ICH1,2,2
ICO1,29,3
IML1,104,3
IML1,2,2
IML1,52,2
IML1,108,2
IML1,109,1
IML1,147,1
ITE1,4,3
KAL1,148,3
LEX1,38,3
LEX1,93,2
LEX1,149,2
LEX1,150,2
LEX1,151,1
LEX1,152,1
LIM1,2,3
LOX1,153,3
LOX1,9,2
MAL1,2,3
MAM1,2,3
MEE1,43,3
MEE1,19,2
MEE1,15,2
MEE1,44,1
MEE1,154,1
MIM1,104,3
MIM1,19,2
MIM1,43,1
MEL1,2,3
MLL1,35,3
MLL1,136,2
MLL1,155,1
MLL2,156,3
MSC1,8,3
MTR1,30,3
MTR1,35,2
MTR2,118,3
MTR2,19,2
MTR2,15,2
MTR2,157,1
MTR2,33,1
MTH1,158,3
MTR3,19,3
MPH2,2,3
MIN1,35,3
MOB1,2,3
MOB1,3,2
MOB1,109,2
MOB1,52,1
MOB1,130,1
MOR2,2,2
MOR2,40,2
MOR2,15,1
MSC2,99,3
MSE1,10,3
MYC1,2,3
NAN1,43,3
NAU1,153,3
NEM1,2,3
NRS1,2,3
NRS1,20,2
NRS1,105,2
NRS1,52,1
NRS1,159,1
NOS1,104,3
NOS1,2,2
NOS1,22,1
NUS1,111,3
OBS1,104,3
OBS1,2,2
OBS1,105,2
OCE1,118,3
OEN1,102,2
OEN1,3,2
OEN1,2,1
ONC1,104,3
ONC1,2,2
ONC1,3,2
ONC1,109,1
ONC1,147,1
ONO2,38,3
ONO2,93,2
ONO2,160,1
ONT1,8,3
ONT1,72,2
ONT1,28,2
ONT1,46,1
OPH1,104,3
OPH1,2,2
OPH1,107,2
OPH1,105,2
OPH1,161,1
OPT2,104,3
OPT2,2,2
OPT2,107,2
OPT2,105,2
OPT2,161,1
ORM1,19,3
ORM1,15,2
ORC2,99,3
ORG1,17,3
ORG1,114,2
ORG1,162,1
ORN1,2,3
ORO1,9,3
ORO1,35,2
ORO1,33,1
OTO1,104,3
OTO1,2,2
PLN1,35,2
PLN1,2,2
PLN1,134,3
PAL1,2,3
PAL1,35,1
PSI1,2,3
PSI1,108,2
PSI1,133,1
PAT1,104,3
PDG1,163,3
PDG1,20,2
PDG1,5,2
PDG1,8,1
PDG1,97,1
PED1,104,3
PED1,2,2
PED1,20,1
PED2,35,3
PEL1,35,3
PET1,35,3
PET1,136,2
PET1,164,1
PET1,165,1
PET1,166,1
PHC1,2,2
PHC1,3,2
PHC1,147,3
PHA1,9,2
PHA1,10,1
PTB1,2,3
PTB1,19,2
PTB1,52,2
PTN1,19,3
PTN1,43,2
PTN1,44,1
PYC1,2,3
PYS2,2,3
PIS1,8,3
PLS1,30,3
PLS1,35,2
PLS1,19,2
PNE1,24,3
PNE1,26,2
PNE1,167,2
PNE1,19,1
PNE2,104,3
PNE2,2,2
PNE2,105,2
POS2,168,3
PRA1,38,3
PRA1,169,2
PRI1,27,3
PRI1,91,1
PRI1,10,1
PRO1,2,3
PRO2,20,3
PRO2,6,2
PRO2,5,2
PSE2,19,3
PYG1,20,3
PYG1,109,2
PTE1,99,3
PHE2,132,3
PHE2,170,2
PHE2,171,2
PHE2,172,1
PHE2,173,1
PYG2,27,3
PYG2,174,2
PYG2,91,1
PYT1,3,3
PYT1,19,2
QCO1,19,3
QCO1,15,2
QCO1,4,2
QCO1,77,1
RAD2,2,3
RAD2,19,2
RAD2,104,1
SCA1,2,2
SCA1,38,1
SCI1,27,3
SCI1,95,2
SCI1,175,1
SCO1,97,3
SCO1,145,2
SCO1,176,1
SED1,35,3
SED1,118,2
SED1,42,1
SEI1,140,3
SEI1,31,2
SEI1,19,2
SEI1,35,1
SEM2,38,3
SEM2,93,2
SEX1,20,2
SEX1,2,2
SEX1,5,1
SEX1,104,1
SOS2,85,3
SCB1,2,3
SCB1,5,2
SCL2,38,3
SCL2,5,2
SOM1,45,3
SOM1,19,2
SOM1,44,2
SOM1,43,1
SPL1,35,3
SPR2,99,3
SAS1,30,3
SAS1,19,2
STE2,177,3
STR1,35,3
STY1,38,3
STY1,40,2
SUC1,3,3
SUC1,19,2
SUC1,2,1
SUR1,104,3
SUR1,107,2
SUR1,105,2
SUR1,178,1
SYB1,2,3
SYB1,43,2
SYE1,43,3
SYE1,15,2
SYE1,179,1
SYS1,180,3
TEC2,35,3
TER1,2,3
TEX1,38,3
TEX1,37,1
THA1,2,2
THA1,20,2
THA1,5,1
THA2,181,3
THS1,182,3
THS1,20,2
THS1,104,2
THS1,2,1
TEK1,19,3
TEK1,167,2
TEL2,19,3
TEL2,2,2
TEL2,104,1
TPG1,9,3
TOX1,2,3
TOX1,3,2
TOX1,147,2
TOX1,104,1
URA1,30,3
UPL1,183,3
UPL1,184,2
UPL1,9,2
UPL1,185,1
UPL1,5,1
URO1,104,3
URO1,186,2
URO1,187,2
VME1,104,3
VME1,2,2
VME1,21,2
VIR1,108,3
VIT1,156,3
VIT1,27,1
VIT1,146,1
VOL1,35,3
XYL1,2,2
XYL1,188,3
ZCH1,3,3
ZCH1,2,2
ZGE1,9,3
ZGE1,2,2
ZPH1,19,3
ZPH1,2,2
ZPH2,21,3
ZPH2,99,2
ZTA1,2,3
ZYM1,2,3
ZYM2,3,3
ZYM2,2,2
ZYT1,49,2
ZYT1,3,1
ACA3,2,3
ACE1,104,3
ACE1,2,2
ACE1,147,2
ACE1,20,1
AED2,189,3
AEN1,43,3
AEN1,19,2
AEN1,45,2
AEN1,44,1
AEN1,190,1
AGC1,3,3
AGC1,102,2
AGE1,133,3
AGE1,102,2
AGN3,185,3
AGN3,102,2
ALG2,191,3
ALG2,192,2
ALG2,20,1
ALL1,104,3
ALL1,193,2
ALL1,2,1
ANA2,104,3
ANA2,107,2
ANA2,147,2
ANA2,105,2
ANA2,194,1
ANA2,195,1
AND2,163,3
AND2,20,2
ANE1,32,3
ANT1,172,3
AEC1,133,3
AEC1,2,2
AEC1,42,1
ARO1,168,3
ARE2,35,3
ARO2,20,3
ARO2,192,2
ARO2,196,1
AST3,104,3
AST3,197,2
AST3,105,2
ASB2,99,3
ASB2,30,2
ASB2,198,1
ASN2,43,3
ASN2,19,2
ASN2,15,2
ASN2,199,1
ASN2,30,1
AUT3,133,3
AUT3,2,2
AUT3,42,1
BAL1,19,3
BAL2,104,3
BAL2,200,2
BAL2,182,1
BAR2,43,3
BAR2,45,2
BAR2,19,1
BAT2,9,3
BAT2,41,2
BAT2,35,2
BAT3,201,3
BAT3,2,2
BNR1,192,3
BNR1,2,2
BNR1,20,2
BOE1,133,3
BOE1,2,2
BOE1,42,1
BOM2,19,3
BOM2,2,2
BOM2,43,1
BON1,185,3
BON1,2,2
BOP2,20,3
BOP2,2,2
BOT2,2,3
BOT2,24,2
BOT2,202,1
BRY1,99,3
BRY1,2,2
BUS1,203,3
BUS1,185,2
BUS1,179,2
BUS1,204,1
BUS1,123,1
CAL2,205,3
CAL2,21,2
CAM1,185,3
CAM2,17,3
CRL1,104,3
CRL1,2,2
CAT2,185,3
CAT3,163,3
CET1,206,3
CHI2,104,3
CHI2,107,2
CHI2,207,1
CHO2,9,3
CHO2,133,2
CHR3,185,3
CHR3,208,1
CRB1,2,3
CRB1,105,2
CRB1,192,2
CRB1,20,1
CIV1,168,3
CLI3,197,3
CGS1,20,3
CGS1,192,2
CGS1,38,1
CGS1,4,1
COL1,209,3
COL1,2,2
COM1,30,3
CON2,2,3
CON3,192,3
COM2,24,3
COM2,19,2
COM2,156,2
CTE1,2,3
CUS2,163,3
CUS2,20,2
CUS2,5,2
CYB1,210,3
CYB1,15,2
CYB1,43,1
CYC1,32,3
DAC1,6,3
DAC2,50,3
DAC3,38,3
DAC3,20,2
DAC3,6,2
DEM1,5,3
DEM1,40,2
DEM1,15,1
DEN2,76,2
DEN2,35,2
DEN2,33,2
DEN3,99,3
DER1,2,3
DER2,104,3
DER2,2,2
DER2,107,2
DER2,105,2
DES1,107,3
DMT1,163,3
DMT1,211,2
DMT1,20,1
DIE1,111,3
DIE1,2,2
DIE1,182,1
DIP1,10,2
DIP1,38,2
DIP1,76,1
DOS1,147,3
ECC1,2,3
ECC1,105,2
EKI1,9,3
ELD1,19,3
ELD1,15,2
ELD1,43,1
ELH1,19,3
ELH1,25,2
ELH1,127,2
ELM1,19,3
ELM1,15,2
ELM1,43,1
ELS1,19,3
ELS1,127,2
ELS1,15,1
EMM1,2,3
END2,170,3
END2,2,2
END2,9,1
ENT2,2,3
ENT2,21,2
ENS2,42,3
EPH1,104,3
EPH1,212,2
ERE1,9,3
ESC1,213,3
ETH3,185,3
ETH3,82,2
ETI1,104,3
ETI1,2,2
ETI1,20,1
EUT1,42,3
EXO2,30,3
FEL1,2,3
FLU1,9,3
FOR1,42,3
FOR1,2,2
FOR1,133,2
FOR1,9,1
FRM1,24,3
FRM1,156,2
FRM1,214,2
FRM1,215,1
GAS1,104,3
GAS1,2,2
GAS1,105,2
GAS1,107,2
GER2,197,3
GLA1,118,3
GNO2,30,2
GNO2,15,2
GNO2,19,1
GRP2,38,3
GRP2,169,2
GRP2,216,2
GRP2,14,1
GRO1,9,2
GRO1,10,1
GYR1,19,3
GYR1,45,2
HAE1,105,3
HAE1,2,2
HAE1,107,2
HAL1,217,3
HEL1,2,3
HEL1,218,2
HEM1,104,3
HEM1,2,2
HEM1,219,2
HEM2,105,3
HEM2,25,2
HEM2,220,1
HRO1,30,3
HIP2,221,3
HSL1,2,3
HSL1,107,2
HSL1,74,1
HEC1,222,3
HOR3,102,3
HOR3,99,2
HOR3,36,2
HOR3,223,1
HOR3,224,1
HYD1,43,3
HYD1,3,2
HYD1,26,2
HYD1,19,1
HBI1,2,3
HBI1,133,2
HBI1,225,2
HDY1,19,3
HDY1,26,2
HDY1,15,2
HGE1,35,3
HGE1,226,2
HGR1,9,3
HGR1,41,2
HGR1,226,2
HKI1,19,3
HKI1,25,2
HKI1,24,1
HME1,32,3
HME1,226,2
HST1,26,3
HYE1,32,3
HYG3,132,3
HYG3,2,2
HYG3,227,1
HYP1,20,3
HYP1,192,2
HYP1,104,1
HYP2,9,3
HYP2,35,2
HYP2,56,1
ICH2,184,3
ICH2,27,1
ICH3,134,3
IDE2,8,3
IDE2,168,2
IDE2,5,1
IMC1,3,3
IMC1,2,2
IMG1,109,3
IMG1,193,2
IMP1,104,3
IMP1,193,2
IRE1,168,3
IRE1,185,2
IRE1,11,2
IRE1,10,1
IRE1,5,1
KAR1,35,3
KAR2,109,3
KAR2,2,2
KAR2,228,2
KYM1,19,3
KYM1,45,2
KYM1,25,2
LAR1,104,3
LAR1,229,2
LAR1,107,2
LEP1,209,3
LEP1,2,2
LEP2,104,3
LEP2,108,2
LEP2,230,1
LIC1,231,3
LIC1,2,2
LML1,133,3
LML1,226,2
LML1,225,1
LOI1,170,3
MAC1,185,3
MAC1,15,2
MAC1,40,2
MAL2,170,3
MAL2,218,2
MAL2,209,2
MAL2,193,1
MAL2,132,1
MAB1,2,3
MAB1,41,2
MEC2,147,3
MES1,97,3
MEL2,2,3
MLL3,156,3
MPO1,168,3
MTH2,3,2
MTH2,2,2
MTH2,147,1
MEC3,133,3
MEC3,108,2
MEC3,42,1
MCL1,33,3
MCL1,32,2
MCL1,9,1
MEC4,185,3
MEC4,15,2
MEC4,40,2
MEC4,123,1
MLO1,8,3
MPA1,134,3
MPA1,35,2
MPA1,2,2
MIS1,232,3
MIS1,168,2
MIS1,10,2
MIS1,9,1
MIS1,185,1
MOL1,43,3
MYO1,2,3
MYR1,209,3
NAO1,184,3
NEC1,30,3
NEC1,140,2
NEC1,233,1
NEO1,104,3
NEO1,212,2
NEO1,234,1
NEO2,205,3
NEP1,32,3
NEP2,104,3
NEP2,2,2
NRB1,2,3
NRB1,192,2
NRB1,20,1
NRE1,185,3
NRE1,192,2
NRE1,20,2
NRL1,104,3
NRL1,2,2
NRL1,192,2
NRP1,20,3
NRP1,192,2
NRP1,13,1
NEU2,20,3
NEU2,192,2
NOM1,8,3
NOS2,197,3
NOT1,235,3
NUM1,10,2
NUM1,76,2
NUM1,185,1
NYM1,236,3
OHE1,132,3
ODO1,209,3
ODO2,122,3
OLF1,2,2
OLF1,20,1
OMB1,32,3
ONE1,20,3
OOL1,205,3
OOL1,2,2
OPH2,201,3
OPH2,2,2
ORG2,2,3
ORG2,107,2
ORG2,105,2
ORT1,209,3
ORY1,35,3
OSM1,3,3
OST1,107,3
OTO2,104,3
OTO2,229,2
OTO2,237,1
PAE1,20,3
PAE1,163,2
PME1,104,3
PME1,238,2
PME1,239,2
PME1,147,2
PME1,20,1
PME1,240,1
PLB1,2,3
PLB1,35,2
PLB1,134,2
PLC1,35,3
PLC1,134,2
PLC1,33,2
PLI1,134,3
PLI1,21,2
PLI1,241,1
PLP1,35,3
PLP1,134,2
PLP1,76,2
PLB2,99,3
PLB2,134,2
PLS2,35,3
PAP1,10,2
PAP1,76,2
PAP1,38,1
PPS1,20,3
PPS1,8,2
PPS1,72,1
PDG2,163,3
PEN1,242,3
PER1,122,3
PES1,209,3
PHC2,147,3
PHC2,3,2
PHC2,99,2
PHA2,104,3
PHA2,107,2
PHA2,2,1
PHE3,2,3
PNE3,38,3
PNE3,20,2
PNE3,114,1
PYG3,2,3
PYG3,109,2
PYG3,53,2
PLU1,2,3
PLU2,185,3
POD1,104,3
POD1,107,2
POD1,105,2
POG1,2,3
POM1,223,3
POS3,147,3
POT1,9,3
POT1,226,2
PRA2,8,3
PRO3,104,3
PRO3,107,2
PRO3,143,2
PSE3,168,3
PSE3,40,2
PSE3,89,1
PYB1,192,3
PYL2,20,3
PYL2,38,2
PYP1,20,3
PYP1,243,2
PYP1,192,2
PYP1,2,1
PYP2,20,3
PYP2,19,2
PTE2,2,3
PYR1,104,3
PYR2,184,3
QUT1,138,3
QUT1,244,2
QUT1,5,1
QUI1,3,3
RAD3,104,3
RAD3,19,2
RAD3,107,2
RAD3,2,1
RHE1,19,3
RHE1,24,2
RHE1,156,2
RHE1,3,1
RHE2,104,3
RHE2,193,2
RHE2,245,1
RHI1,229,3
ROB1,43,3
ROB1,246,2
ROB1,4,2
ROB1,126,1
ROB1,247,1
RUN1,38,3
SAR1,107,3
SCR1,123,3
SEL1,112,3
SEL2,35,3
SEM3,38,2
SEM3,8,1
SER1,2,3
SER1,193,2
SID1,115,3
SIN2,76,2
SIN2,50,2
SIN2,10,1
SIT1,111,3
SIT1,2,2
SIT1,182,1
SHL1,226,3
SHL1,33,2
SHL1,9,1
SCE1,5,3
SCE1,185,2
SPH1,99,3
SPH2,104,3
SPL2,107,3
STA3,168,3
STM1,122,3
SUI1,20,3
SUI1,5,2
SUI1,243,2
SUI1,132,1
SYM1,104,3
SYM1,20,2
SYM1,2,1
SYN3,133,3
SYN3,2,2
SYN3,42,1
SYP1,104,3
SYP1,108,2
SYP1,170,1
SYS2,2,3
TAX2,2,2
TAX2,27,1
TEL3,9,3
TEL3,133,2
THA3,41,3
THE2,221,3
THE2,248,2
THR1,2,3
THR1,102,2
THR2,111,3
TID1,41,3
TRA1,104,3
TRA1,2,2
TRI1,43,3
TUR1,32,3
TYP1,104,2
TYP1,20,1
URA2,30,3
URB1,183,3
URE1,231,3
URO2,104,3
URO2,2,2
URO2,107,2
VAC1,2,3
VAC1,193,2
VAC1,147,1
VAL1,182,3
VEN1,104,3
VEN1,249,2
VEN1,230,1
VEN2,107,3
VEX1,27,3
VEX1,91,2
VEX2,10,2
VEX2,91,1
VIC1,242,3
VIN1,102,2
VIN1,3,2
VIN1,2,2
VIT2,111,3
XEN1,2,3
XEN1,250,2
XEN1,202,1
XYL2,27,3
XYL2,251,2
XYL2,252,1
YOS1,5,3
YOS1,20,2
YOS1,10,2
YOS1,168,2
ZEN1,30,3
ZAR1,76,3
ZAR1,2,2
ZAR1,6,2
ZGE2,35,3
ZGE2,134,2
ZNO1,2,3
ZNO2,221,3
ZPA1,221,3
ZPH3,2,3
ZPH3,105,2
ZTE1,144,3
ZYG1,43,3
ANT2,2,3
ANT3,253,3
CAS1,10,2
CAS1,184,3
COS3,254,3
COS3,3,2
COS3,107,2
COS3,203,1
CRA1,6,3
DRE1,213,3
DEM2,255,3
EGY1,76,3
EID1,20,3
ELL1,19,3
ELL1,2,2
EME1,104,3
EME1,105,2
EME1,143,2
EPI2,239,3
EPI2,104,2
EPI2,192,1
ERG1,256,3
ERG2,91,3
ERG2,20,2
ERG2,43,2
ERG2,2,1
ETB1,2,3
ETB1,6,2
ETB1,133,2
ETB2,99,3
ETB2,257,2
ETB2,6,2
ETB2,133,1
ETC1,6,3
ETC1,162,2
ETC1,5,1
ETG1,6,3
ETL1,6,3
ETM1,5,3
ETM1,38,2
ETM2,17,3
ETM2,6,2
ETM2,5,1
FIN1,185,3
FIN1,15,2
FIN1,258,2
FIN1,40,1
FIN1,203,1
FOL1,6,3
GAR1,42,3
GEN3,10,3
GEN3,6,2
GEN3,5,1
GIG1,6,3
GRM2,38,3
GRM2,169,2
GRM2,177,1
HEL2,104,3
HEL2,2,2
HEL2,107,2
HSP1,219,3
HSP1,104,2
HSP1,2,1
HOP1,6,2
HOP1,20,2
HOP1,259,3
ICO2,29,3
ICO2,175,2
IDI2,20,3
IRE2,260,3
KNS1,97,3
KNS1,20,2
KNS1,38,2
KNS2,2,2
KNS2,105,3
KTE1,2,2
KTE1,50,2
LAR2,40,3
LMB1,133,3
LOG2,261,3
LOG2,262,2
LOG2,263,2
LOG2,264,1
MAG1,19,3
MGH1,19,3
MGH1,25,2
MGH1,127,2
MGS1,19,3
MGS1,265,2
MOM1,76,3
MYT1,37,3
MYT1,6,2
MYT1,10,2
MYT1,266,1
OIK1,267,3
ORT2,38,3
ORT3,38,3
PLA1,6,3
PLA1,76,2
PLA1,134,2
PLL1,35,2
PLL1,225,3
POS4,6,3
POS4,76,2
POS4,2,1
PAR3,236,3
PNI1,104,3
PNI1,38,2
POL1,268,3
PRI2,2,3
PYG4,20,3
PYG4,8,2
PYG4,192,2
PYG4,13,1
PYB2,19,3
SIL1,188,3
SIL1,2,2
SIL1,133,1
SOM2,6,3
SOM2,2,2
SPO1,21,2
SPO1,206,1
STI1,2,3
STI1,3,2
STR2,269,3
SYM2,169,3
TEC3,133,3
TEC3,2,2
TEC3,42,1
TEU1,206,3
TON1,38,3
TRI2,2,3
TSI1,6,3
TYL1,38,3
WEB1,63,3
ZSE1,2,2
ZSE1,38,2
ZSE1,20,1
RHO1,75,3
STR3,270,3